level,defintion,pos,word
2,to progress or ride at a gallop,verb,gallop
2,"any of a group (Dinosauria) of extinct, often very large, carnivorous or herbivorous archosaurian reptiles that have the hind limbs extending directly beneath the body and include chiefly terrestrial, bipedal or quadrupedal ornithischians (such as ankylosaurs and stegosaurs) and saurischians (such as sauropods and theropods) which flourished during the Mesozoic era from the late Triassic period to the end of the Cretaceous period; also : any of a broader group that also includes all living and extinct birds",noun,dinosaur
2,"to convey, lead, carry, or cause to come along with one toward the place from which the action is being regarded",verb,brought
2,having had an existence of many years,adjective,ancient
2,a shaking or trembling of the earth that is volcanic or tectonic in origin,noun,earthquake
2,"a heavy handwoven reversible textile used for hangings, curtains, and upholstery and characterized by complicated pictorial designs",noun,tapestry
2,the act or manner of delivering something: such as,noun,delivery
2,a mythical animal having the power to endure fire without harm,noun,salamanders
2,to remove to shore from a ship,verb,disembark
2,"accordant with usage, custom, or habit : normal",adjective,usual
2,"to dispute especially as being unjust, invalid, or outmoded : impugn",verb,challenge
2,"partnership, league —usually used in plural—usually used in phrases like in cahoots to describe people or groups working together or making plans together in secret",noun,cahoots
2,to pass or flow slowly through or as if through small openings or interstices,verb,oozing
2,the Roman god of war,noun,Mars
2,any of a genus (Pelecanus) of large web-footed fish-eating birds with a very large bill and distensible gular pouch,noun,pelican
2,acting rapidly or violently,adjective,drastic
2,"a Hindu theistic philosophy teaching the suppression of all activity of body, mind, and will in order that the self may realize its distinction from them and attain liberation",noun,yoga
2,a coarse heavy plain-woven fabric usually of jute or hemp used for bagging and wrapping and in furniture and linoleum manufacture,noun,burlap
2,one that blazes,noun,blazer
2,a brass instrument consisting of a long cylindrical metal tube with two turns and having a movable slide or valves for varying the tone and a usual range one octave lower than that of the trumpet,noun,trombone
2,to shake involuntarily (as with fear or cold) : shiver,verb,trembling
2,to become calm —usually used with down,verb,calmed
2,"the department of government concerned primarily with maintenance of public order, safety, and health and enforcement of laws and possessing executive, judicial, and legislative powers",noun,police
2,"fixed, settled",adjective,certain
2,to make peevish or resentful : annoy,verb,peeve
2,a recording barometer,noun,barograph
2,to convert to charcoal or carbon usually by heat : burn,verb,charred
2,"country in southern Asia bordering the Arabian Sea; originally comprising two parts—West Pakistan (now Pakistan) and East Pakistan (now Bangladesh)—separated by about 1000 miles (1600 kilometers) of northern India; a dominion 1947—56, an Islamic republic since 1956, and a member of the Commonwealth of Nations 1956—72; formed from parts of former British India; capital Islamabad area 307,374 square miles (796,095 square kilometers), population 207,863,000",geographical name,Pakistan
2,the burden of physical or mental distress,noun,pressure
2,"to form a notion of from scanty evidence : imagine, infer",verb,surmised
2,a tall tropical Asian timber tree (Tectona grandis) of the mint family,noun,teak
2,conveyance of persons or things from one place to another,noun,transit
2,a heavy fire of artillery,noun,cannonade
2,any of the instinctive desires necessary to keep up organic life; especially : the desire to eat,noun,appetite
2,something that is lugged; especially : suitcases for a traveler's belongings : baggage,noun,luggage
2,a protective barrier : bulwark,noun,ramparts
2,a monovalent radical CH2=CH derived from ethylene by removal of one hydrogen atom,noun,vinyl
2,an instrument for measuring and indicating the force or speed and sometimes direction of the wind,noun,anemometers
2,something delicious to the taste,noun,dainty
2,a fastening for two loose ends that is attached to one and holds the other by a catch,noun,buckle
2,very strong : very high in chroma,adjective,vividly
2,"of, relating to, or resembling brine or the sea : salty",adjective,briny
2,a paved surface: such as,noun,pavement
2,"a brittle and more or less transparent usually red silicate mineral that has a vitreous luster, occurs mainly in crystals but also in massive form and in grains, is found commonly in gneiss and mica schist, and is used as a semiprecious stone and as an abrasive",noun,garnet
2,a trench in the earth made by a plow,noun,furrow
2,to lie or sit with arms and legs spread out,verb,sprawl
2,"an institution devoted to the procurement, care, study, and display of objects of lasting interest or value; also : a place where objects are exhibited",noun,museum
2,any of a family (Troglodytidae) of small typically brownish oscine singing birds; especially : a very small widely distributed bird (Troglodytes troglodytes) that has a short erect tail and is noted for its song,noun,wren
2,a story coming down from the past; especially : one popularly regarded as historical although not verifiable,noun,legend
2,a solid-state electronic device that is used to control the flow of electricity in electronic equipment and usually consists of a small block of a semiconductor (such as germanium) with at least three electrodes,noun,transistor
2,"to expand (something, such as a statement) by the use of detail or illustration or by closer analysis",verb,amplify
2,the quality or state of being secure: such as,noun,security
2,"curb, restrain",verb,refrain
2,the science and art of disposing and maneuvering forces in combat,noun,tactics
2,a person who tends sheep,noun,shepherd
2,any of a breed of usually black hornless beef cattle originating in Scotland,noun,Angus
2,unreasonably and inflexibly obstinate,adjective,mulish
2,the act of rivaling : the state of being a rival : competition,noun,rivalry
2,sib; also : one of two or more individuals having one common parent,noun,siblings
2,any of a small genus (Castanea) of deciduous trees or shrubs of the beech family that are found in temperate regions of the northern hemisphere and produce a small round fruit having a prickly outer husk and containing one to seven edible nuts; especially : a North American tree (C. dentata) that was formerly a dominant or codominant member of many deciduous forests of the eastern U.S. but was largely eliminated by chestnut blight in the 20th century and seldom grows beyond the shrub or sapling stage : american chestnut,noun,chestnut
2,a small passenger van,noun,minivan
2,a rectangular length of tartan worn over the left shoulder as part of the Scottish national costume,noun,plaid
2,a piece of soft absorbent tissue paper used especially as a handkerchief or for removing cosmetics,noun,tissue
2,a disreputable person : rascal,noun,scoundrel
2,"relating to, being, or containing an amine group —often used in combination",adjective,amino
2,a crystalline alcohol C10H20O that occurs especially in mint oils and has the odor and cooling properties of peppermint,noun,menthol
2,—used for a pungent sauce made from hot peppers,trademark,Tabasco
2,"easily discovered, seen, or understood",adjective,obvious
2,the regular expansion of an artery caused by the ejection of blood into the arterial system by the contractions of the heart,noun,pulse
2,the dwelling of a farm laborer or small farmer,noun,cottage
2,a circular or spiral arrangement of intertwined material (such as flowers or leaves),noun,garland
2,to bite or chew on with the teeth; especially : to wear away by persistent biting or nibbling,verb,gnaw
2,to give strength and hope to : cheer,verb,comfort
2,to sing especially in a joyful manner,verb,caroling 
2,foolish behavior,noun,foolishness
2,the configuration of stars especially at one's birth,noun,constellation
2,to break apart or in two : separate by or as if by violence or by intervening time or space,verb,sundering
2,a point of time; especially : one made critical by a concurrence of circumstances,noun,juncture
2,"deed, act; especially : a notable, memorable, or heroic act",noun,exploits
2,one that stirs up the masses of the people (as to hatred or violence),noun,rabble-rouser
2,having intellectual depth and insight,adjective,profound
2,something intertwined or arranged in a circular shape: such as,noun,wreath
2,a representation of something in outline; especially : a human head or face represented or seen in a side view,noun,profile
2,"difficult to guide, manage, or work with : unruly, intractable",adjective,untoward
2,serving to preserve remembrance : commemorative,adjective,memorial
2,of or relating to industry,adjective,industrial
2,something material that blocks or is intended to block passage,noun,barrier
2,to reduce to small particles by rubbing on something rough,verb,gratingly
2,to utter the characteristic loud harsh cry of a donkey; also : to utter a sound like a donkey's,verb,brayed
2,river channel in southeastern New York northeast of Manhattan Island connecting (with Spuyten Duyvil Creek) the Hudson and East rivers,geographical name,Harlem
2,one who bears a message or does an errand: such as,noun,messenger
2,to shine as a beacon,verb,beacons
2,a body of living beings constituting a single step in the line of descent from an ancestor,noun,generation
2,something that covers: such as,noun,coverage
2,"to turn aside, discourage, or prevent from acting",verb,deters
2,"landlocked country in Asia on the northeast border of India in the Himalayas; capital Kathmandu area 56,827 square miles (147,181 square kilometers), population 29,718,000",geographical name,Nepal
2,"an agent used to disinfect something; especially : a chemical agent that is used especially on hard surfaces and in water (such as drinking water or wastewater) to destroy, inactivate, or significantly reduce the concentration of pathogens (such as bacteria, viruses, and fungi)",noun,disinfectant
2,a connected series of military operations forming a distinct phase of a war,noun,campaign
2,the act or an instance of starving,noun,starvation
2,the 3rd letter of the Greek alphabet,noun,gamma
2,"a highly vascular ductless organ that is located in the left abdominal region near the stomach or intestine of most vertebrates and is concerned with final destruction of red blood cells, filtration and storage of blood, and production of lymphocytes",noun,spleen
2,"an implement, instrument, or vessel used in a household and especially a kitchen",noun,utensils
2,a place for storing goods or motor vehicles,noun,depot
2,an occurrence of an action or situation that is a separate unit of experience : happening,noun,incident
2,any of a genus (Rubus) of usually prickly shrubs of the rose family including the raspberries and blackberries; also : the fruit of a bramble,noun,brambles
2,triple,noun,trifecta
2,a small thin piece of building material often with one end thicker than the other for laying in overlapping rows as a covering for the roof or sides of a building,noun,shingle
2,a skilled worker who builds by laying units of substantial material (such as stone or brick),noun,mason
2,to keep away from : shun,verb,avoid
2,exerting force by reason of weight alone without motion,adjective,static
2,a representative part or a single item from a larger whole or group especially when presented for inspection or shown as evidence of quality : specimen,noun,samples
2,"of, relating to, or characteristic of the present or the immediate past : contemporary",adjective,modern
2,"a soft white, gray, or buff limestone composed chiefly of the shells of foraminifers",noun,chalk
2,to bring or direct toward a common center or objective : focus,verb,concentrate
2,feeling or showing pride: such as,adjective,proud
2,the last emission of breath : death,noun,expiration
2,the act of beating someone or something with successive blows : the act of battering,noun,batteries
2,a period of 100 years; specifically : one of the 100-year divisions of the Christian era or of the preceding period of human history,noun,centuries
2,"to be unlike or distinct in nature, form, or characteristics",verb,differed
2,causing fear,adjective,fearsome
2,violently hostile or aggressive in temperament,adjective,fiercest
2,the act or fact of dwelling in a place for some time,noun,residence
2,to decrease in force or intensity,verb,abated
2,an act or process in which something scatters or is scattered,noun,scattering
2,to fall from or as if from being top-heavy,verb,toppled
2,a movable device attached to an elevated object (such as a spire) for showing the direction of the wind,noun,vane
2,something that resembles a whirlpool,noun,vortices
2,exhibiting physical turbulence,adjective,turbulent
2,something that impedes progress or achievement,noun,obstacles
2,"of, relating to, or characteristic of a continent; specifically often Continental : of or relating to the continent of Europe excluding the British Isles",adjective,continental
2,the manner in which one conducts oneself : behavior,noun,deportment
2,"to submit (something, such as a document) to a court or officer in course of proceedings; also : to present or offer officially or in legal form",verb,exhibits
2,"of, relating to, used in, or concerned with agriculture",adjective,agricultural
2,"having great or lasting importance : consequential, significant",adjective,momentous
2,the act of disturbing someone or something : the state of being disturbed: such as,noun,disturbance
2,full of wiles : crafty,adjective,wily
2,recruit; also : novice,noun,rookie
2,the quality or state of being transparent,noun,transparencies
2,a material (such as flammable or poisonous material) that would be a danger to life or to the environment if released without precautions,noun,hazmat
2,of or relating to the South Pole or to the region near it,adjective,Antarctic
2,the scent of something sweet-smelling,noun,perfume
2,the interlacing of strands : braiding,noun,plaiting
2,one that writes: such as,noun,writers
2,a number of things or events of the same class coming one after another in spatial or temporal succession,noun,series
2,a group of listeners or spectators,noun,audience
2,not substantial: such as,adjective,insubstantial
2,to reel from side to side : totter,verb,staggered
2,the act of helping or assisting someone or the help supplied : aid,noun,assistance
2,to reduce or eliminate pathogenic agents (such as bacteria) on the surfaces of (something) : to make (something) sanitary (as by cleaning or disinfecting),verb,sanitized
2,made one half step less than perfect or minor,adjective,diminished
2,a person who plays the organ,noun,organist
2,one that operates: such as,noun,operator
2,"state of the southern U.S. that includes the vast delta through which the Mississippi River flows into the Gulf of Mexico; capital Baton Rouge area 48,523 square miles (126,160 square kilometers), population 4,533,372",geographical name,Louisiana
2,continuing forever : everlasting,adjective,perpetual
2,a violent boisterous blowing,noun,blustery
2,a tooth with a rounded or flattened surface adapted for grinding; specifically : one of the cheek teeth in mammals behind the incisors and canines,noun,molars
2,"to put into a proper order or into a correct or suitable sequence, relationship, or adjustment",verb,arrange
2,to cause to disperse or disappear : destroy,verb,dissolved
2,in an extreme manner,adverb,extremely
2,"a plastic substance; specifically : any of numerous organic synthetic or processed materials that are mostly thermoplastic or thermosetting polymers of high molecular weight and that can be made into objects, films, or filaments",noun,plastic
2,the act or process of multiplying : the state of being multiplied,noun,multiplication
2,"equally distant from the extremes : medial, central",adjective,middle
2,being in accordance with reason,adjective,reasonable
2,an apartment or small room for privacy,noun,closet
2,to observe or study by close examination and systematic inquiry,verb,investigation
2,an unforeseen and unplanned event or circumstance,noun,accident
2,consideration of a question in open and usually informal debate,noun,discussion
2,being perplexed or disconcerted,adjective,confused
2,a comparatively short electromagnetic wave; especially : one between about one millimeter and one meter in wavelength,noun,microwave
2,the vertical triangular end of a building from cornice or eaves to ridge,noun,gabled
2,to place so as to stay,verb,settle
2,so shaded as to be dark and gloomy,adjective,somber 
2,to interfere so as to weaken or change for the worse —used with with,verb,tampered
2,unswerving in allegiance: such as,adjective,loyal
2,worthy of being or likely to be noticed especially as being uncommon or extraordinary,adjective,remarkable
2,any of the small timbers or metal beams ranged parallel from wall to wall in a structure to support a floor or ceiling,noun,joists
2,to move with urgency or panic,verb,scrambling
2,a person employed to inspect something,noun,inspector
2,"of, relating to, or experiencing economic decline or difficulty",adjective,distressed
2,to make a smudge on,verb,smudge
2,to compress the throat of : choke,verb,throttle
2,the quality or state of being perfect: such as,noun,perfection
2,susceptible,adjective,capable
2,an often small mechanical or electronic device with a practical use but often thought of as a novelty,noun,gadgets
2,the bed where a natural stream of water runs,noun,channel
2,"a metal tool with a sharpened edge at one end used to chip, carve, or cut into a solid material (such as wood, stone, or metal)",noun,chisel
2,"fireplace, hearth",noun,chimney
2,"a small cyprinid, killifish, or topminnow",noun,minnow
2,complete and absolute ownership of land,noun,domain
2,to mix in a mass confusedly : jumble,verb,shuffle
2,a worker who builds or repairs wooden structures or their structural parts,noun,carpenter
2,to reduce especially by eliminating superfluous matter,verb,pruners
2,a tract or plot of land,noun,parcel
2,to utter a harsh abrupt scream,verb,squawk
2,—used for drywall,trademark,Sheetrock
2,"any of various hand tools used to apply, spread, shape, or smooth loose or plastic material; also : a scoop-shaped or flat-bladed garden tool for taking up and setting small plants",noun,trowel
2,"timid, apprehensive",adjective,nervous
2,an animating or vital principle held to give life to physical organisms,noun,spirit
2,the great circle of the celestial sphere whose plane is perpendicular to the axis of the earth,noun,equator
2,an outward sign : indication,noun,evidence
2,"of, derived from, relating to, or caused by the sun",adjective,solar
2,"to investigate, study, or analyze : look into —sometimes used with indirect questions",verb,explore
2,having six angles and six sides,adjective,hexagonal
2,a coloring matter from lichens that turns red in acid solutions and blue in alkaline solutions and is used as an acid-base indicator,noun,litmus
2,to suffer violent internal excitement,verb,seethe
2,one who collects or studies antiquities,noun,antiquarian
2,a body of heavily armed infantry in ancient Greece formed in close deep ranks and files; broadly : a body of troops in close array,noun,phalanges
2,a young unmarried woman,noun,bachelorette
2,a border between two countries,noun,frontier
2,"having, revealing, or marked by a smug, ingratiating, and false earnestness or spirituality",adjective,unctuous
2,a compound of fluorine,noun,fluoride
2,an act of mooring,noun,moorage
2,"a monster shaped half like a man and half like a bull, confined in the labyrinth built by Daedalus for Minos, and given a periodic tribute of youths and maidens as food until slain by Theseus",noun,Minotaur
2,a short light entr'acte,noun,intermezzo
2,an act or process of edifying,noun,edification
2,emptied of or lacking content,adjective,vacuousness
2,"any of various disorders marked by abnormal electrical discharges in the brain and typically manifested by sudden brief episodes of altered or diminished consciousness, involuntary movements, or convulsions",noun,epilepsy
2,troublesomely urgent : overly persistent in request or demand,adjective,importunate
2,to get back : regain,verb,recuperation
2,either of two lemon-scented grasses (Cymbopogon nardus and C. winterianus) of southern Asia that yield an oil used in perfumery and as an insect repellent; also : its oil,noun,citronella
2,serving to palliate,adjective,palliative
2,the act or state of abhorring or despising something or someone,noun,abhorrence
2,a body of persons usually employed (as in a factory or organization),noun,personnel
2,causing vexation : distressing,adjective,vexatious
2,not real or genuine: such as,adjective,faux
2,deprived of native or original simplicity: such as,adjective,sophisticated
2,"of, relating to, or resembling a nebula : nebular",adjective,nebulous
2,"a class, kind, or group marked by common characteristics or by one common characteristic; specifically : a category of biological classification ranking between the family and the species, comprising structurally or phylogenetically related species or an isolated species exhibiting unusual differentiation, and being designated by a Latin or latinized capitalized singular noun",noun,genus
2,a member of a legion,noun,legionnaire
2,the act or noise of sneezing,noun,sternutation
2,"being, living, occurring, or administered under the skin",adjective,subcutaneous
2,promptness in response : cheerful readiness,noun,alacrity
2,to compose the choreography of,verb,choreographer
2,"of, resembling, or consisting of legumes (such as peas)",adjective,leguminous
2,the art or process of making ceramic articles,noun,ceramics
2,imitative,adjective,mimetic
2,not abated : being at full strength or force,adjective,unabated
2,overwhelmingly frightening,adjective,petrifying
2,"an individual, item, or part considered typical of a group, class, or whole",noun,specimen
2,one who takes part in dialogue or conversation,noun,interlocutor
2,a large heavy knife used for cutting sugarcane and underbrush and as a weapon,noun,machete
2,sweet to the taste,adjective,dulcet
2,favorable to or promoting health or well-being,adjective,salubrious
2,a restaurant specializing in broiled and barbecued meats,noun,rotisserie
2,a usually automotive public vehicle designed to carry a large number of passengers : bus,noun,omnibus
2,a crisp cookie or biscuit of Italian origin that is flavored usually with anise and filberts or almonds —usually used in plural,noun,biscotti
2,to ascertain the caliber of (something),verb,calibrate
2,an identifying name or title : designation,noun,appellation
2,the first part of the small intestine extending from the pylorus to the jejunum,noun,duodenum
2,valiant,adjective,valorous
2,any of two or more species of atoms of a chemical element with the same atomic number and nearly identical chemical behavior but with differing atomic mass or mass number and different physical properties,noun,isotopic
2,of or relating to the carpus,adjective,carpal
2,comically quaint,adjective,quizzical
2,any of a genus (Heliotropium) of herbs or shrubs of the borage family,noun,heliotrope
2,"to spend extravagantly or foolishly : dissipate, waste",verb,squander
2,made or occurring before marriage,adjective,prenuptial
2,full of juice : juicy,adjective,succulent
2,soiled and stained by or as if by trailing in mud,adjective,bedraggled
2,the quality or state of being straight,noun,rectitude
2,a silvery heavy radioactive polyvalent metallic element that is found especially in uraninite and exists naturally as a mixture of mostly nonfissionable isotopes,noun,uranium
2,overwhelm,verb,inundate
2,a child prodigy; also : one who succeeds in a competitive or highly difficult field or profession at an early age,noun,wunderkind
2,"of, relating to, or befitting a son or daughter",adjective,filial
2,causing weariness : tiresome,adjective,wearisome
2,"the face, countenance, or appearance of a person or sometimes an animal",noun,visage
2,one that fascinates,noun,fascinator
2,a solemn declaration usually made orally by a witness under oath in response to interrogation by a lawyer or authorized public official,noun,testimony
2,"great in quantity or amount : many, much",adjective,beaucoup
2,"lacking originality, freshness, or novelty : trite",adjective,banal
2,a science that deals with earthquakes and with artificially produced vibrations of the earth,noun,seismologist
2,"something exhibited to view as unusual, notable, or entertaining; especially : an eye-catching or dramatic public display",noun,spectacles
2,to make changes : do something in a new way,verb,innovator
2,the treasury of a college or monastery,noun,bursary
2,"holy, consecrated",adjective,hallowed
2,the point in the orbit of an object (such as a satellite) orbiting the earth that is at the greatest distance from the center of the earth; also : the point farthest from a planet or a satellite (such as the moon) reached by an object orbiting it,noun,apogee
2,a break in or as if in a material object : gap,noun,hiatus
2,"any of a genus (Freesia) of sweet-scented African herbs of the iris family with usually red, pink, white, or yellow flowers",noun,freesia
2,"to relieve of a responsibility, obligation, or hardship",verb,exoneration
2,comforter,noun,duvet
2,inherent baseness : depravity; also : a base act,noun,turpitude
2,the quality or state of being dull or insipid,noun,platitude
2,"social intercourse : interchange of ideas, opinions, or sentiments",noun,commerce
2,inflammation of the cornea of the eye,noun,keratitis
2,conferring or conveying honor,adjective,honorific
2,a brownish kingfisher (Dacelo novaeguineae synonym D. gigas) of Australia that is about the size of a crow and has a call resembling loud laughter —called also laughing jackass,noun,kookaburra
2,a former French 20-franc gold coin,noun,napoleon
2,"of, relating to, or constituting the degree of grammatical comparison that denotes an extreme or unsurpassed level or extent",adjective,superlative
2,"to impregnate, combine, or supply (something, such as blood) with oxygen",verb,oxygenate
2,to cause to cease to exist : to do away with entirely so that nothing remains,verb,annihilate
2,a stone coffin; broadly : coffin,noun,sarcophagus
2,one appointed to act in place of another : deputy,noun,surrogate
2,"1024 gigabytes or 1,099,511,627,776 bytes; also : one trillion bytes",noun,terabyte
2,"awkward and socially unacceptable in appearance, manner, or behavior : rude",adjective,uncouth
2,"involving, imposing, or constituting a burden : troublesome",adjective,onerous
2,the great world : universe,noun,macrocosm
2,having a bulb : growing from or bearing bulbs,adjective,bulbous
2,inheritance,noun,heredity
2,symphony orchestra,noun,philharmonic
2,any of a group of endogenous peptides (such as enkephalin) found especially in the brain that bind chiefly to opiate receptors and produce some pharmacological effects (such as pain relief) like those of opiates; specifically : beta-endorphin,noun,endorphin
2,"the art, practice, or profession of preparing, preserving, compounding, and dispensing medical drugs",noun,pharmacy
2,"a soft creamy preparation of sugar, water, and flavorings that is used as a basis for candies or icings",noun,fondant
2,a rounded vault resting on a usually circular base and forming a roof or a ceiling,noun,cupola
2,"of, relating to, or having the characteristics of an herb",adjective,herbaceous
2,"the quality or state of being tentative or hesitant : hesitancy, uncertainty",noun,tentativeness
2,the quality or state of being decrepit,noun,decrepitude
2,brought back —used postpositively,adjective,redux
2,the art or technique of dramatic composition and theatrical representation,noun,dramaturgy
2,"any of a breed of heavy draft horses originally from Clydesdale, Scotland with long silky hair on the legs",noun,Clydesdale
2,the science of sound : acoustics,noun,phonics
2,systematic rhythmic bodily exercises performed usually without apparatus,noun,calisthenics
2,odoriferous,adjective,odiferous
2,"a result or product of combining; especially : an alliance of individuals, corporations, or states united to achieve a social, political, or economic end",noun,combination
2,a violent or forceful flow of fluid; especially : a rushing stream of water,noun,torrent
2,"a solid chemical element that is used especially in wood preservatives, alloys, and semiconductors and is extremely toxic in both pure and combined forms",noun,arsenic
2,"lacking a spinal column; also : of, relating to, or concerned with invertebrate animals",adjective,invertebrate
2,a large often colorfully patterned handkerchief,noun,bandanna 
2,capable of being manipulated,adjective,manipulable
2,taken for granted : self-evident,adjective,axiomatic
2,incapable of being fatigued : untiring,adjective,indefatigable
2,going beyond what is openly said or shown and especially what is proper,adjective,ulterior
2,government by the few,noun,oligarchy
2,to give distinction to : ennoble,verb,dignify
2,the obligation of a feudal vassal to a liege lord,noun,allegiance
2,"a dark gray to black dense to fine-grained igneous rock that consists of basic plagioclase, augite, and usually magnetite",noun,basaltic
2,any of an order (Scorpiones) of nocturnal arachnids that have an elongated body and a narrow segmented tail bearing a venomous stinger at the tip,noun,scorpion
2,a model or representation of the solar system,noun,planetarium
2,"of, relating to, or marked by ecstasy",adjective,ecstatic
2,"the aromatic, dried bark of any of several tropical trees (genus Cinnamomum) yielding a culinary spice, oil, and flavoring; especially : a small roll or quill of cinnamon bark",noun,cinnamon
2,a ruler of ancient Egypt,noun,pharaoh
2,the principle or practice of submitting to popular vote a measure passed on or proposed by a legislative body or by popular initiative,noun,referendum
2,tremble,verb,quaver
2,of or relating to rabbis or their writings,adjective,rabbinic
2,the part of a garment that is turned back; specifically : the fold of the front of a coat that is usually a continuation of the collar,noun,lapel
2,a scombroid fish (Scomber scombrus of the family Scombridae) of the North Atlantic that is green above with dark blue bars and silvery below and is a commercially important food fish,noun,mackerel
2,lacking adult sophistication : immature,adjective,callow
2,a small quick bread made from dough that has been rolled out and cut or dropped from a spoon,noun,biscuit
2,to grow luxuriantly : thrive,verb,flourish
2,"of, possessing, or imparting beatitude",adjective,beatific
2,"a place, room, or container where something is deposited or stored : depository",noun,repository
2,to break up and drive off,verb,dissipate
2,one associated with another especially in wrongdoing,noun,accomplice
2,a square of cloth used as a head covering or worn as a scarf around the neck,noun,kerchief
2,resulting from or characterized by whim or caprice; especially : lightly fanciful,adjective,whimsical
2,the bodily or mental capacity to sustain a prolonged stressful effort or activity : endurance,noun,stamina
2,a standard on which a judgment or decision may be based,noun,criteria
2,"to delay the punishment of (someone, such as a condemned prisoner)",verb,reprieve
2,deduction,noun,consequent
2,injury to tissue usually without laceration : bruise,noun,contusion
2,a free shot sometimes given a golfer in informal play when the previous shot was poorly played,noun,mulligan
2,detailed statistical analysis of baseball data (as for the purposes of evaluating player performance and developing playing strategies),noun,sabermetrics
2,a style of speaking especially in public,noun,elocution
2,a widow holding property or a title from her deceased husband,noun,dowager
2,the act or process of comparing: such as,noun,comparison
2,characterized by such fineness of texture as to permit seeing through,adjective,diaphanous
2,abnormal fear of being helpless in a situation from which escape may be difficult or embarrassing that is characterized initially often by panic or anticipatory anxiety and finally by the avoidance of open or public places,noun,agoraphobia
2,a blow especially with the hand,noun,buffet
2,any of a family (Testudinidae) of terrestrial turtles; broadly : turtle,noun,tortoise
2,to prevail over : overcome,verb,surmountable
2,to continue in the same state : last,verb,endure
2,a rare great ape (Pan paniscus) that has a more slender build and longer limbs than the related common chimpanzee (P. troglodytes) and that inhabits a small geographic region in equatorial Africa south of the Congo River —called also pygmy chimpanzee,noun,bonobo
2,to abolish by authoritative action : annul,verb,abrogate
2,marked by the expression of great or excessive emotion or enthusiasm,adjective,effusive
2,"not derived : original, primary",adjective,primitive
2,a creator or writer of fables,noun,fabulist
2,to be fitting : accord,verb,comportment
2,temperamentally disinclined to talk,adjective,taciturn
2,conceited and overconfident of knowledge but poorly informed and immature,adjective,sophomoric
2,the recipient of honor or recognition for achievement in an art or science; specifically : poet laureate,noun,laureate
2,a Philistine champion who in I Samuel 17 is killed by David,noun,Goliath
2,given to melancholy,adjective,splenetic
2,in a manner that is smooth and connected (as between successive tones) —used especially as a direction in music,adverb or adjective,legato
2,untidy especially in personal appearance,adjective,slovenly
2,"a system of physical conditioning involving exercises (such as running, walking, swimming, or calisthenics) strenuously performed so as to cause marked temporary increase in respiration and heart rate",plural noun,aerobics
2,made typically of soft wool and woven or printed with colorful curved abstract figures,adjective,paisley
2,on the contrary,adverb,contrariwise
2,"an oily flammable bituminous liquid that may vary from almost colorless to black, occurs in many places in the upper strata of the earth, is a complex mixture of hydrocarbons with small amounts of other substances, and is prepared for use as gasoline, naphtha, or other products by various refining processes",noun,petroleum
2,royal rights or prerogatives,plural noun,regalia
2,to cause to burn to ashes,verb,incinerate
2,a large usually metal or pottery vessel (as for wine) with handle and spout and often a lid,noun,flagon
2,lacking coherence: such as,adjective,incoherent
2,a 300th anniversary or its celebration,noun,tercentenary
2,uttering or given to censure : containing or characterized by verbal abuse,adjective,vituperative
2,"of, resembling, or characteristic of a churl : vulgar",adjective,churlish
2,a coastal region frequented as a resort area and usually marked by a mild climate,noun,riviera
2,using or involving the use of a minimum of words : concise to the point of seeming rude or mysterious,adjective,laconic
2,the act or procedure of removing by or as if by cutting out; especially : surgical removal or resection,noun,excision
2,to inscribe or adorn with or as if with heraldic bearings or devices,verb,emblazoned
2,a miscellaneous collection of small articles commonly of ornamental or sentimental value : curios,noun,bric-a-brac
2,angular distance measured on a great circle of reference from the intersection of the adopted zero meridian with this reference circle to the similar intersection of the meridian passing through the object,noun,longitude
2,an unbranded range animal; especially : a motherless calf,noun,maverick
2,having or being motion in a direction contrary to that of the general motion of similar bodies and especially east to west among the stars,adjective,retrograde
2,"any of various typically medium-sized stout-bodied Old World gallinaceous birds (Perdix, Alectoris, and related genera) with variegated plumage that are often hunted as game",noun,partridge
2,a badge of authority or honor,noun,insignia
2,a mathematical expression consisting of two terms connected by a plus sign or minus sign,noun,binomial
2,the quality or state of being luminous,noun,luminance
2,"one of a class of words that exists in any of numerous languages and that typically modifies nouns or pronouns (as by indicating number or extent, ascribing a quality, or distinguishing one thing from another)",noun,adjective
